ID	DRUG_NAME	ANALYSIS_NAME	IC50	SLOPE	MAX	MIN	Max.Conc.tested	Min.Conc.tested	DSS	D1	D2	D3	D4	D5	GRAPH
PF-04691502	PF-04691502	IC50	116.29	1.38	92.88	1.04	10000	1	21.23	1.04	4.89	42	88.92	92.88	
Tivozanib	Tivozanib	IC50	1357.45	1.4	71.72	0	10000	1	6.86	-6.03	0.5	10.89	26.43	71.72	
Ruxolitinib	Ruxolitinib	IC50	1822.72	2.5	51.44	0	10000	1	4.28	6.56	-4.12	5.71	9.28	51.44	
Refametinib	Refametinib	IC50	1000.11	2.5	70.35	0	10000	1	8.33	12.16	1.04	-10.03	35.3	70.35	
Linsitinib	Linsitinib	IC50	1593.04	2.5	55.29	4.3	10000	1	5.05	9.34	4.3	6.38	16.39	55.29	
OSI-027	OSI-027	IC50	536.66	0.74	92.51	0.12	10000	1	13.01	0.12	8.18	24.07	50.03	92.51	
Alisertib	Alisertib	IC50	526.88	0.68	36.94	3.73	10000	1	4.19	3.73	9.5	11.88	21.23	36.94	
BMS-754807	BMS-754807	IC50	1064.84	1.44	86.44	8.3	10000	1	9.47	10.5	8.3	14.31	44.73	86.44	
Idelalisib	Idelalisib	IC50	1294.57	2.43	45.21	0	10000	1	4.54	-5.4	-5.1	1.21	15.71	45.21	
Vemurafenib	Vemurafenib	IC50	10000	-2.5	17.21	0	10000	1	0	17.21	10.56	-10.86	7.3	-9.36	
MK1775	MK1775	IC50	337.2	1.61	70.6	2.7	10000	1	12.25	2.7	4.27	11.06	60.54	70.6	
Doramapimod	Doramapimod	IC50	1142.74	0.86	60.5	0	10000	1	5.97	-3.82	10.22	13.53	21.43	60.5	
Pilaralisib	Pilaralisib	IC50	50.96	0.71	21.96	0	2500	0.25	2.45	-10.14	7.86	7.02	16.21	21.96	
Pimasertib	Pimasertib	IC50	443.8	0.66	50.76	1.89	10000	1	6.93	1.89	5.78	18.14	27.81	50.76	
CUDC-101	CUDC-101	IC50	735.22	2.5	100	0	10000	1	13.39	-1.26	-10.2	-9.9	68.63	104.82	
Danusertib	Danusertib	IC50	1272.97	1.86	89.3	0	10000	1	9.13	-7.17	-8.18	5.49	34.44	89.3	
Dovitinib	Dovitinib	IC50	4031.09	2.5	39.75	0	10000	1	1.48	-2.32	0.64	9.98	-9.77	39.75	
MGCD-265	MGCD-265	IC50	1098.83	1.13	45.77	3.09	10000	1	4.42	7.89	3.09	9.65	21.45	45.77	
Motesanib	Motesanib	IC50	10000	0.65	4.95	0	10000	1	0	4.95	-10.95	-0.47	3.43	-5.17	
Navitoclax	Navitoclax	IC50	5590.57	2.5	11.9	0	10000	1	0	-15.73	-4.65	11.9	-2.97	9.91	
Palbociclib	Palbociclib	IC50	1732.52	2.5	100	0	10000	1	8.76	7.4	-1.13	9.12	19.78	103.73	
Selumetinib	Selumetinib	IC50	1264.88	0.41	18.82	0	10000	1	0.27	-8.76	12.56	3.14	6.24	15.08	
SNS-032	SNS-032	IC50	15.28	2.5	100	0	10000	1	34.41	-9.52	25.73	100.43	101.5	100.06	
Alvocidib	Alvocidib	IC50	137.67	2.5	100	5.66	10000	1	22.48	19.65	5.66	34.82	102.55	102.53	
Canertinib	Canertinib	IC50	1615.15	2.5	100	0	10000	1	9.14	-5.05	14.22	-7.96	22.97	103.21	
Pictilisib	Pictilisib	IC50	1480.78	1.65	86.24	5.07	10000	1	8.04	8.1	5.07	17.5	31.8	86.24	
Nilotinib	Nilotinib	IC50	10000	0.04	22.96	0	10000	1	0	7.49	9.83	9.05	22.96	0.04	
Saracatinib	Saracatinib	IC50	1220.77	0.96	86.6	0	10000	1	8.72	-3.83	10.98	18.54	31.07	86.6	
Masitinib	Masitinib	IC50	1743.6	2.5	92.13	0	10000	1	8.06	-0.1	4	-3.49	18.3	92.13	
Pazopanib	Pazopanib	IC50	2475.53	2.5	23.29	0	10000	1	1.1	-5.78	8.34	0.04	1.96	23.29	
Seliciclib	Seliciclib	IC50	7950.96	2.5	14.95	0	10000	1	0	-3.21	1.96	2.76	-16.1	9.95	
Tofacitinib	Tofacitinib	IC50	2222.88	2.5	18.18	0	5000	0.5	0.24	-11.23	-4.43	9.8	-9.12	18.18	
Vatalanib	Vatalanib	IC50	2382.89	2.5	30.83	0	10000	1	1.82	6.09	-2.31	-12.6	2.97	30.83	
Dactolisib	Dactolisib	IC50	12.54	1.84	86.61	2.28	1000	0.1	19.84	8.96	2.28	35.84	84.53	86.61	
Gandotinib	Gandotinib	IC50	3161.82	2.5	96.04	1.68	10000	1	5.38	11.52	6.28	3.59	1.68	96.04	
Regorafenib	Regorafenib	IC50	528.18	0.86	85.11	6.41	10000	1	12.04	6.41	10.05	23.82	52.91	85.11	
Voxtalisib	Voxtalisib	IC50	1233.78	2.5	81.88	0	10000	1	8.73	12.04	8.02	-0.04	30.42	81.88	
Midostaurin	Midostaurin	IC50	10000	-0.14	21.73	0	10000	1	0	10.44	10.15	8.02	21.73	-5.3	
AZ 3146	AZ 3146	IC50	2964.14	2.5	100	0	10000	1	5.93	-12.94	-8.65	-8.39	-1.01	105.1	
Sonolisib	Sonolisib	IC50	10000	2.5	4.66	0	10000	1	0	4.66	-18.89	-4.22	-14.17	-68.63	
Apitolisib	Apitolisib	IC50	288.68	1.29	89.05	5.24	10000	1	15.88	5.24	7.39	22.11	75	89.05	
Gefitinib	Gefitinib	IC50	1865.04	2.5	91.39	0	10000	1	7.67	-4.71	11.64	3.32	15.74	91.39	
Imatinib	Imatinib	IC50	1564.51	2.5	82.99	0	10000	1	7.76	-9.47	0.72	-1.12	20.4	82.99	
Nintedanib	Nintedanib	IC50	1777.79	2.5	100	0	10000	1	8.62	-11.19	0.46	2.48	19.06	100	
Buparlisib	Buparlisib	IC50	1620.23	2.5	86.61	0	10000	1	7.93	-6.41	-1.16	3.97	19.88	86.61	
PF-04708671	PF-04708671	IC50	10000	2.5	4.66	0	10000	1	0	4.66	0.19	-9.29	-8.55	4.22	
KX2-391	KX2-391	IC50	24	1.6	63.62	0	10000	1	20.48	-3.9	12.86	57.57	61.1	63.62	
VX-11E	VX-11E	IC50	2500	2.5	9.34	0	2500	0.25	0	0.19	-19.63	1.9	9.34	4	
NVP-BGJ398	NVP-BGJ398	IC50	1000	2.5	8.06	0	1000	0.1	0	8.06	-13.65	0.14	-12.28	-14.66	
Momelotinib	Momelotinib	IC50	1877.54	2.5	53.98	0	10000	1	4.43	1.5	-5.84	-3.38	9.19	53.98	
TGX-221	TGX-221	IC50	10000	2.5	5.08	0	10000	1	0	-12.42	-0.75	-7.36	4.28	5.08	
Lapatinib	Lapatinib	IC50	1000	1	0	0	1000	0.1	0	-29.56	-12.28	-13.16	-8.65	-17.26	
AT9283	AT9283	IC50	128.45	1.63	91.33	0	1000	0.1	9.2	-15.42	1.56	8.08	35.62	91.33	
Afatinib	Afatinib	IC50	461.07	2.5	13.52	0	1000	0.1	0.04	-7.76	-3.54	-7.04	-8.65	13.52	
Crizotinib	Crizotinib	IC50	386.03	2.5	16.12	0	1000	0.1	0.21	-14.69	-14.58	-2.67	-2.78	16.12	
EMD1214063	EMD1214063	IC50	142.88	2.5	63.08	0	1000	0.1	6.2	-4.11	-12.02	-10.65	18.39	63.08	
Neratinib	Neratinib	IC50	295.32	2.5	45.34	0	1000	0.1	2.5	6.07	-16.97	-19.34	1.39	45.34	
Fasudil	Fasudil	IC50	19965.55	2.5	57.64	0	50000	5	2.42	-13.71	-18.58	-13.02	-13.07	57.64	
Ralimetinib	Ralimetinib	IC50	1612.3	1.64	50.67	2.64	10000	1	4.27	2.64	18.31	12.58	16.75	50.67	
Crenolanib	Crenolanib	IC50	3789.38	2.5	100	0	10000	1	4.69	-5.9	4.36	-12.82	-20.27	102.5	
MLN-0128	MLN-0128	IC50	12.49	1.28	96.18	0	1000	0.1	21.47	-18.76	0.57	42.7	86.74	96.18	
ZSTK474	ZSTK474	IC50	1366.03	1.73	43.79	0	10000	1	4	-24.83	-14.33	4.86	15.76	43.79	
PF-4800567	PF-4800567	IC50	10000	2.5	2.71	0	10000	1	0	-12.31	-16.63	-19.33	-31.41	2.71	
PF-670462	PF-670462	IC50	1412.95	2.5	41.08	0	10000	1	3.87	-22.76	-7.31	-11.96	12.25	41.08	
AZD8055	AZD8055	IC50	22.68	1.19	93.11	0	10000	1	29.37	-5.59	27.27	78.48	89.17	93.11	
Erlotinib	Erlotinib	IC50	6223.75	2.5	28.69	0	10000	1	0.37	4.3	-9.91	-9.27	-30.03	23.69	
AZD2014	AZD2014	IC50	157.86	1.29	95.32	0	10000	1	20.09	-7.55	5.69	33.43	88.01	95.32	
BMS-911543	BMS-911543	IC50	4369.49	2.5	19.5	0	10000	1	0.32	4.75	-15.65	3.23	-8.65	19.5	
Ipatasertib	Ipatasertib	IC50	901.18	2.5	30.91	0	10000	1	3.45	9.57	-8.27	-2.83	17.5	30.91	
GSK650394	GSK650394	IC50	10000	1	0	0	10000	1	0	-14.96	-25.91	-20.25	-15.47	-1.23	
Bosutinib	Bosutinib	IC50	4329.86	2.5	100	0	10000	1	4.04	-11.16	-5.48	-29.86	-53.98	103.12	
BX-912	BX-912	IC50	1014.42	2.37	56.39	0	10000	1	6.55	-16.03	-14.81	0.62	27.7	56.39	
ASP3026	ASP3026	IC50	3768.81	2.5	80.43	0	10000	1	3.76	-13.21	-22.79	-2.95	-11.27	80.43	
GSK-1904529A	GSK-1904529A	IC50	10000	1	0	0	10000	1	0	-19.82	-10.73	-13.28	-18.01	-49.94	
GSK2636771	GSK2636771	IC50	50.74	2.5	12.9	0	10000	1	1.36	-10.98	-15.37	12.9	10.64	-4.28	
AZD-5363	AZD-5363	IC50	1170.29	2.5	33.68	0	10000	1	3.37	-29.56	-23.11	-18.2	13.73	33.68	
GSK-2334470	GSK-2334470	IC50	1594.73	2.5	46.96	0	10000	1	4.21	-10.31	-4.31	2.78	11.11	46.96	
PF-03758309	PF-03758309	IC50	108.83	0.55	100	0	10000	1	21.85	-0.62	35.36	42.73	43.32	105.05	
Fedratinib	Fedratinib	IC50	1186.32	2.5	100	0	10000	1	10.8	-16.16	-4.81	-15.12	39.59	100.63	
AZD-8330	AZD-8330	IC50	650.09	0.93	44.72	0	10000	1	5.34	-3.8	3.6	7.73	25.14	44.72	
BMS-599626	BMS-599626	IC50	2785.16	2.5	66.02	0	10000	1	4.07	-13.58	-17.87	-4.27	3.28	66.02	
Amuvatinib	Amuvatinib	IC50	855.07	2.5	37.3	0	10000	1	4.49	-16.8	4.09	-3.86	22.33	37.3	
Apatinib	Apatinib	IC50	10000	1	0	0	10000	1	0	-18.77	-38.61	-11.17	-4.76	-2.24	
Milciclib	Milciclib	IC50	2099.29	2.5	100	0	10000	1	7.74	9.38	-7.8	10.1	13.06	100.64	
Orantinib	Orantinib	IC50	10000	2.5	4.17	0	10000	1	0	-17.7	-16.54	-30.07	-13.58	4.17	
Rigosertib	Rigosertib	IC50	53.32	2.5	59.44	0	10000	1	16.86	-5.58	-7.33	50.08	59.44	52.32	
SGI-1776	SGI-1776	IC50	1027.78	1.38	100	0	10000	1	11.12	-21.19	-9.87	11.83	46.91	102.35	
Tideglusib	Tideglusib	IC50	3000	1	0	0	3000	0.3	0	-7.19	-12.12	-2.43	-20.75	-34.84	
SCH772984	SCH772984	IC50	531.64	0.95	46.36	0	10000	1	6.1	10.59	-5.8	10.38	28.3	46.36	
Cediranib	Cediranib	IC50	160.9	1.99	28.11	0	1000	0.1	2.02	2.1	-15.09	5.01	7.68	28.11	
Ponatinib	Ponatinib	IC50	190.55	2.5	85.59	0	1000	0.1	7.09	-14.92	-11.71	-9.87	14.13	85.59	
AZD1152-HQPA	AZD1152-HQPA	IC50	66.01	2.5	18.36	0	1000	0.1	1.69	-1.34	-14.83	-10.68	14.06	18.36	
MK-2206	MK-2206	IC50	64.87	2.5	18.59	0	1000	0.1	1.75	1.64	-3.42	-6.2	14.19	18.59	
AZD7762	AZD7762	IC50	220.92	2.5	74.33	0	1000	0.1	5.55	-9.11	1.99	-11.12	8.71	74.33	
Trametinib	Trametinib	IC50	12.87	0.78	29.18	0	250	0.03	3	-1.5	-4.15	10.44	15.44	29.18	
BI 2536	BI 2536	IC50	15.15	2.5	73.1	0	1000	0.1	16.36	1.9	-16.96	19.22	72.27	73.1	
Foretinib	Foretinib	IC50	222.22	2.5	72.56	0	1000	0.1	5.39	-7.81	-5.6	4.98	8.31	72.56	
Lestaurtinib	Lestaurtinib	IC50	139.13	2.5	49.57	0	1000	0.1	4.86	-13.23	-0.11	0.47	15.08	49.57	
Tandutinib	Tandutinib	IC50	10	1	17.12	0	1000	0.1	2.09	6.33	7.65	-3.65	4.92	17.12	
Dasatinib	Dasatinib	IC50	47.46	1.13	52.01	6.77	1000	0.1	7.52	10.72	6.77	13.79	37.97	52.01	
Sorafenib	Sorafenib	IC50	175.86	2.5	52.63	0	1000	0.1	4.49	-2.12	1.87	-5.02	10.29	52.63	
Tivantinib	Tivantinib	IC50	330.27	2.5	45.57	0	1000	0.1	2.25	6.51	-8.79	-3.93	-1.06	45.57	
Binimetinib	Binimetinib	IC50	1000	0.35	9.52	0	1000	0.1	0	-7.72	1.22	0.67	9.52	-11.28	
AZD1480	AZD1480	IC50	76.25	2.5	14.51	0	1000	0.1	0.83	-12.82	9.89	-2.45	9.69	14.45	
Icotinib	Icotinib	IC50	2149.04	2.5	21.7	0	10000	1	1.1	5.2	2.11	-9.8	2.75	21.7	
AZD4547	AZD4547	IC50	1000	1	0	0	1000	0.1	0	-9.94	-0.66	-6.41	-12.62	-20.41	
Volasertib	Volasertib	IC50	77.28	1.33	74.28	0	1000	0.1	9.31	-1.3	-4.61	6.43	42.75	74.28	
Cabozantinib	Cabozantinib	IC50	11.68	0.55	22.73	0	1000	0.1	2.83	-0.56	4.52	9.45	13.47	22.73	
Linifanib	Linifanib	IC50	1000	0.19	5.47	0	1000	0.1	0	-3.57	4.73	0.85	5.47	-40.99	
Galunisertib	Galunisertib	IC50	1000	1.88	3.65	0	1000	0.1	0	3.65	-24.33	-17.99	0.65	2.29	
Rabusertib	Rabusertib	IC50	64.83	0.54	17.11	1.02	1000	0.1	0.43	1.02	5.31	5.44	7.16	17.11	
RAF265	RAF265	IC50	1000	0.85	3.87	0	1000	0.1	0	3.87	-1.41	-5.72	2.79	1.56	
Brivanib	Brivanib	IC50	90.46	2.5	12.82	0	1000	0.1	0.45	-0.98	-2.2	-13.29	7.43	12.82	
Omipalisib	Omipalisib	IC50	47.7	0.97	90.32	0	1000	0.1	13.37	-3.06	-2.14	19.04	58.37	90.32	
Ibrutinib	Ibrutinib	IC50	1000	1	0	0	1000	0.1	0	-28.59	-2.54	-19.35	-29.43	-15.6	
TAK-901	TAK-901	IC50	176.48	2.5	96.49	0	1000	0.1	8.37	-7.49	-12.4	-4.54	18.7	96.49	
TAK-733	TAK-733	IC50	6.61	0.53	34.61	0	1000	0.1	6.94	-2.58	16.06	13.34	34.61	26.08	
Axitinib	Axitinib	IC50	1945.89	2.5	34.33	0	10000	1	2.5	-4.78	13.6	9.09	5.36	34.33	
GSK269962	GSK269962	IC50	1059.23	2.05	62.64	0	10000	1	7.06	-0.71	-0.96	1.28	29.43	62.64	
Enzastaurin	Enzastaurin	IC50	1155.72	0.64	26.93	0	10000	1	1.54	2.48	-0.34	11.16	5.82	26.93	
PF 431396	PF 431396	IC50	2232.53	2.5	95.26	0	10000	1	7.07	1.52	-3.72	0.33	10.8	95.26	
Ruboxistaurin	Ruboxistaurin	IC50	1088.3	1.34	100	0	10000	1	10.8	-2.02	17.21	9.02	45.25	100.6	
PF-00477736	PF-00477736	IC50	372.67	1.66	88.48	5.86	10000	1	14.85	5.86	6.88	14.19	75.04	88.48	
(5Z)-7-Oxozeaenol	(5Z)-7-Oxozeaenol	IC50	701.49	2.28	77.34	0	10000	1	10.6	-5.92	-22.14	1.18	53.48	77.34	
Bryostatin 1	Bryostatin 1	IC50	100	0.23	12.33	0	100	0.01	0	1.17	-3.68	12.33	0.06	-5.81	
UCN-01	UCN-01	IC50	24.48	0.82	100	0	10000	1	30.31	4.39	30.84	82.36	79.28	104.79	
Sotrastaurin	Sotrastaurin	IC50	10000	2.5	8.37	0	10000	1	0	-23.15	8.37	-8.8	-4.9	2.59	
Tamatinib	Tamatinib	IC50	3889.78	2.5	29.09	0	10000	1	0.96	-14.52	-13.29	-1.51	-5.35	29.09	
Triciribine	Triciribine	IC50	3175.08	0.76	95.79	0	100000	10	15.99	0.59	-2.25	35.62	60.77	95.79	
PS-1145	PS-1145	IC50	25000	2.5	2.77	0	25000	2.5	0	-0.6	1.03	-6.1	1.76	2.72	
IRAK1/4 inhibitor	IRAK1/4 inhibitor	IC50	4534.66	2.5	10.26	0	25000	2.5	0	5.64	-2.5	-4.52	1.9	10.26	
OSU-03012	OSU-03012	IC50	25000	2.5	18.84	0	25000	2.5	0	18.84	4.5	8.29	-1.71	-43.34	
PD184352	PD184352	IC50	3705.56	2.5	48.35	0	10000	1	2.13	-10.15	-3.29	-11.85	-5.76	48.35	
ENMD-2076	ENMD-2076	IC50	1000.46	2.5	100	0	10000	1	11.72	0.91	-12.15	-7.74	50.05	101.44	
Dacomitinib	Dacomitinib	IC50	473.5	2.5	18.48	0	1000	0.1	0.22	1.03	-4.21	-1.72	-14.16	18.48	
Dinaciclib	Dinaciclib	IC50	35.55	2.5	100	0	1000	0.1	17.33	-25.64	-12.4	-7.76	100.01	101.68	
Rebastinib	Rebastinib	IC50	1000	1	0	0	1000	0.1	0	-1.1	-19.19	-5.57	-10.64	-5.02	
Alpelisib	Alpelisib	IC50	2500	2.5	7.08	0	2500	0.25	0	-2.52	-10.67	-6.73	-12.74	7.08	
Baricitinib 	Baricitinib 	IC50	2500	2.5	0.11	0	2500	0.25	0	-28.42	-13.13	-1.76	-9.1	0.11	
GSK-1838705A	GSK-1838705A	IC50	797.74	2.5	99.35	0	2500	0.25	5.52	-3.57	-23.53	-11.85	-0.41	99.35	
AZ-23	AZ-23	IC50	1000	1.62	0.52	0	1000	0.1	0	-3.79	0.01	-10.05	0.52	-8.09	
Bafetinib	Bafetinib	IC50	1000	2.5	9.92	0	1000	0.1	0	-19.29	-15.49	-5.54	-20.04	9.92	
LY-2874455	LY-2874455	IC50	388.4	2.5	85.47	0	1000	0.1	3.88	-3.78	3.82	-18.63	-15.48	85.47	
Brigatinib	Brigatinib	IC50	594.37	2.5	99.81	1.62	2500	0.25	7.07	3.84	1.62	2.37	10.98	99.81	
Lenvatinib	Lenvatinib	IC50	478.62	2.5	31.48	0	2500	0.25	2.24	-15.63	-12.12	-10.59	5.18	31.48	
Alectinib	Alectinib	IC50	1000	1	0	0	1000	0.1	0	-13.11	-22.25	-18.98	-0.23	-18.58	
Duvelisib	Duvelisib	IC50	62.96	2.5	19.41	0	500	0.05	1.33	4.85	-5.49	-5.5	7.03	19.41	
Quizartinib	Quizartinib	IC50	230.3	2.5	46.63	0	1000	0.1	3.22	-11.2	-2.02	-11.01	4.91	46.63	
GDC-0623	GDC-0623	IC50	869.85	2.5	51.61	0	2500	0.25	2.48	-10.95	-18.03	-10.02	-3.05	51.61	
LY-294002	LY-294002	IC50	10049.85	1.41	99.08	0	100000	10	11.15	-1.45	-2	7.6	48.28	99.08	
SP600125	SP600125	IC50	4675.58	1.6	69.19	0	100000	10	10.73	-14.44	-13.54	6.35	53.11	69.19	
Sunitinib	Sunitinib	IC50	10	1	12.12	0	1000	0.1	0.47	-3.42	-10.42	-40.62	-12.78	12.12	
Vandetanib	Vandetanib	IC50	64.24	1.5	19.31	0	1000	0.1	1.58	-16.28	-8.57	1.88	12.62	19.31	
PH-797804	PH-797804	IC50	15.03	1.25	14.57	0	1000	0.1	1.25	-16.52	0.2	5.8	12.32	14.57	
AMG-900	AMG-900	IC50	125.78	2.5	22.22	0	1000	0.1	1.73	-1.78	-8.21	-7.99	8.07	22.22	
GSK-1070916	GSK-1070916	IC50	65.31	0.98	50.84	0	1000	0.1	6.3	-8.76	2.01	8.8	28.89	50.84	
SNS-314	SNS-314	IC50	227.81	2.5	22.69	0	1000	0.1	1.14	-18.55	2.84	-2.82	2.45	22.69	
PD0325901	PD0325901	IC50	162.89	2.5	26.19	0	1000	0.1	1.92	10.35	-7.86	-0.39	5.96	26.19	
Sapitinib	Sapitinib	IC50	1000	0.43	19.05	0	1000	0.1	0	-14.05	-4.73	19.05	-3.74	10.65	
XL-647	XL-647	IC50	405.1	2.5	23.28	0	1000	0.1	0.58	-20.36	-2.86	-6.33	-5.9	23.28	
AZD-8186	AZD-8186	IC50	173.94	2.3	11.86	0	1000	0.1	0.12	3.82	-8.53	2.68	2.55	11.86	
NVP-INC280	NVP-INC280	IC50	49.47	0.76	33.28	0	1000	0.1	3.77	-10.46	12.49	4.9	20.19	33.28	
Mubritinib	Mubritinib	IC50	1000	2.5	4.97	0	1000	0.1	0	-4.47	-12.45	4.97	1.18	-8.55	
NVP-BGT226	NVP-BGT226	IC50	5.56	0.74	100	3.56	1000	0.1	25.72	10.65	19.59	68.1	82.3	100.04	
Gedatolisib	Gedatolisib	IC50	16.54	1.25	96.72	9.65	1000	0.1	20.07	9.65	20.9	37.8	91.13	96.72	
ARRY-380	ARRY-380	IC50	734.83	2.5	28.18	0	2500	0.25	1.29	2.59	-1.76	11.14	0.83	28.18	
TAK-285	TAK-285	IC50	1714.64	2.5	15.35	0	2500	0.25	0.01	8.01	3.92	9.62	-0.78	11.08	
OSI-930	OSI-930	IC50	82.05	0.14	22.04	0	2500	0.25	0.78	6.43	3.66	12.23	22.04	5.66	
Golvatinib	Golvatinib	IC50	450.99	2.5	50.18	0	2500	0.25	4.19	-11.06	-5.15	-3.01	9.3	50.18	
Ceritinib	Ceritinib	IC50	399.41	2.02	46.39	0	2500	0.25	4.01	-3.22	-9.21	7.44	12.71	46.39	
BMS-777607	BMS-777607	IC50	12.83	2.5	10.64	0	2500	0.25	0.28	1.93	-3.33	9.38	9.58	10.64	
NVP-AEE788	NVP-AEE788	IC50	351.53	2.5	33.57	0	2500	0.25	3.02	5.87	1.39	-3.73	10.05	33.57	
Abemaciclib	Abemaciclib	IC50	42.58	1.05	40.93	7.98	2500	0.25	7.85	12.42	7.98	20.36	36.1	40.93	
TAK-960	TAK-960	IC50	2500	-0.05	14.21	0	2500	0.25	0	14.21	-1.8	11.04	10.84	7.87	
PKI-402	PKI-402	IC50	23.02	2.5	93.8	0	2500	0.25	23.25	4.06	-7.81	51.87	91.42	93.8	
KW-2449	KW-2449	IC50	2500	2.5	3.47	0	2500	0.25	0	-1.42	-4.04	0.54	3.47	1.01	
Pelitinib	Pelitinib	IC50	371.1	2.36	83.11	10.62	2500	0.25	7.98	10.62	13.43	15.76	31.02	83.11	
KRN-633	KRN-633	IC50	2500	0.2	4.81	0	2500	0.25	0	-2.81	0.49	4.81	3.54	-1.54	
RG-7603	RG-7603	IC50	388.71	2.5	78.15	8.24	2500	0.25	7.34	10.09	8.24	14.09	25.59	78.15	
AZD-6482	AZD-6482	IC50	9.56	2.5	22.4	0	2500	0.25	5.62	-2.03	-0.7	21.2	13.35	22.4	
PF-04217903	PF-04217903	IC50	2500	2.5	8.77	0	2500	0.25	0	-3.06	8.77	-0.35	-7.17	1.62	
MK-8776	MK-8776	IC50	25	1	21.61	0	2500	0.25	3.5	4.57	8.36	4.02	-11.14	21.61	
AMG-208	AMG-208	IC50	446	0.2	31.31	0	2500	0.25	1.82	-1.85	12.65	6.6	31.31	6.91	
Lucitanib	Lucitanib	IC50	842.92	1.06	71.01	0	10000	1	8.37	-5.94	2.12	10.03	36.33	71.01	
MK-2461	MK-2461	IC50	2454.93	2.5	70.05	1.03	10000	1	4.82	1.03	12.29	15.23	6.93	70.05	
TG100-115	TG100-115	IC50	10000	-0.52	22.65	0	10000	1	0	22.65	11.9	13.99	-0.25	3.97	
Palomid-529	Palomid-529	IC50	115.81	2.5	49.55	0	10000	1	11.84	4.2	-5.42	20.32	49.55	41.68	
PF-00562271	PF-00562271	IC50	2763.43	2.5	98.3	4.93	10000	1	6.19	4.93	13.61	14.21	9.73	98.3	
PF-03814735	PF-03814735	IC50	777.64	0.87	98.4	12.13	10000	1	12.12	12.13	13.57	30.95	53.74	98.4	
CEP-32496	CEP-32496	IC50	41.73	0.51	31.01	0	10000	1	6.52	2.56	10.79	17.81	31.01	21.23	
Semaxanib	Semaxanib	IC50	4619.22	2.5	12.19	0	10000	1	0.01	3.03	-3.18	0.43	-7.92	12.19	
Varlitinib	Varlitinib	IC50	15.72	0.48	27.84	3.94	10000	1	6.65	9.53	12.78	24.15	21.52	27.84	
Telatinib	Telatinib	IC50	144.31	2.5	33.46	0	10000	1	7.22	-1.15	1.07	9.54	33.46	30.3	
AT7519	AT7519	IC50	53.1	2.5	100	11.5	10000	1	27.65	14.16	11.5	85.04	102.4	102.74	
JNJ-38877605	JNJ-38877605	IC50	973.95	2.5	76.85	3.49	10000	1	9.21	20.44	14.55	3.49	41.38	76.85	
CH-5132799	CH-5132799	IC50	1365.65	2.3	88.64	11.6	10000	1	8.88	11.6	13.27	14.99	36.79	88.64	
Silmitasertib	Silmitasertib	IC50	1095.54	2.5	53.07	0	10000	1	5.95	13.06	12.19	-0.08	23.52	53.07	
PHA-793887	PHA-793887	IC50	764.3	1.43	99.55	0.97	10000	1	12.64	15.17	0.97	7.24	59.13	99.55	
CP-724714	CP-724714	IC50	2058.1	2.5	45.54	0	10000	1	3.41	-5.69	-0.95	-0.36	6.31	45.54	
NVP-AEW541	NVP-AEW541	IC50	1699.9	2.5	100	3.62	10000	1	8.86	15.91	3.62	7.85	23.5	103.34	
MLN-8054	MLN-8054	IC50	863.61	0.32	24.05	5.25	10000	1	1.02	8	8.58	16.5	5.25	24.05	
AZD-1080	AZD-1080	IC50	4087.58	2.5	33.93	0	10000	1	1.15	3.97	-2.75	0.73	-9.25	33.93	
SGX-523	SGX-523	IC50	598.8	2.5	41.77	0	5000	0.5	4.34	-5.94	1.65	-7.74	16.32	41.77	
XL019	XL019	IC50	6510.69	2.5	18.3	0	10000	1	0.06	18.3	11.86	2.17	-1.84	13.73	
PHA 408	PHA 408	IC50	2687.8	2.5	100	0	10000	1	6.44	-1.47	2.62	3.03	4.61	102.92	
Talmapimod	Talmapimod	IC50	216.76	0.85	24.6	0	10000	1	3.25	4.48	-3.71	11	17.44	24.6	
Hydroxyfasudil 	Hydroxyfasudil 	IC50	15107.13	2.5	42.23	0	37500	3.75	1.61	-4.61	0.78	6.66	-10.32	42.23	
KU-60019	KU-60019	IC50	250	1	72.69	0	25000	2.5	16.87	-12.79	0.1	-15.61	-64.14	72.69	
TPCA-1	TPCA-1	IC50	2318.59	1.93	53.38	0	25000	2.5	6.29	-0.92	-2.72	1.18	28.59	53.38	
TAK-715	TAK-715	IC50	565.55	0.57	31.67	3.65	10000	1	3.01	3.65	12.68	9.3	16.8	31.67	
GSK-461364	GSK-461364	IC50	446.63	0.8	100	3.92	10000	1	15.03	3.92	16.59	27.01	61	104.41	
Tozasertib	Tozasertib	IC50	1660.75	2.5	77.7	0	10000	1	7.02	-3.11	-5.48	3.08	16.99	77.7	
AZD-5438	AZD-5438	IC50	1889.52	2.5	97.89	0	10000	1	8.13	-6.09	8.93	3.03	16.4	97.89	
GSK-1059615	GSK-1059615	IC50	2142.75	2.5	86.61	0.45	10000	1	6.62	4.75	0.45	0.85	11.29	86.61	
GSK-690693	GSK-690693	IC50	3495.46	2.5	24.64	0	10000	1	0.82	-0.95	-5.59	1.35	-1.57	24.64	
CYC-116	CYC-116	IC50	1314.91	1.91	70.28	0	10000	1	7.05	-6.74	-5.1	4.61	25.91	70.28	
VX 745	VX 745	IC50	61.04	2.5	18.24	0	10000	1	3.54	-3.14	-11.12	14.82	18.24	17.6	
Dabrafenib	Dabrafenib	IC50	2500	2.5	0.74	0	2500	0.25	0	-7.74	-14.24	-8.58	-12.13	0.74	
Encorafenib	Encorafenib	IC50	181.35	2.05	19.55	0	1000	0.1	0.93	-1.56	-1.14	6.3	4.27	19.55	
Cobimetinib	Cobimetinib	IC50	88.95	2.5	42.56	0	1000	0.1	5.15	-10.08	-1.91	-2.84	24.42	42.56	
MK-8745	MK-8745	IC50	2500	2.5	5.08	0	2500	0.25	0	-5.52	-22.26	-5.66	0.25	5.08	
AZ191	AZ191	IC50	1395.69	2.5	100	1.06	10000	1	9.92	5.19	1.06	5.87	30.85	103.73	
Ribociclib	Ribociclib	IC50	2131.95	2.5	43.83	0	10000	1	3.18	9.31	-0.54	5.54	5.56	43.83	
Pacritinib	Pacritinib	IC50	2048.69	2.5	100	0	10000	1	7.87	-10.85	-2.16	-0.67	13.79	101.36	
Tanzisertib	Tanzisertib	IC50	1471.22	2.5	36.48	0	10000	1	3.27	-6.3	-22.49	-1.88	10.06	36.48	
VE-821	VE-821	IC50	10000	1	4.21	0	10000	1	0	-0.81	-12.62	4.21	-0.16	-12.21	
AZD1208	AZD1208	IC50	252.07	0.93	23.63	0	10000	1	2.96	-2.37	-1.44	8.41	17.42	23.63	
Bentamapimod	Bentamapimod	IC50	10000	2.5	20.27	0	10000	1	0	10.65	20.27	8.65	-10.91	1.41	
Perifosine	Perifosine	IC50	2500	0.5	6.51	0	2500	0.25	0	-5.94	-6.59	6.51	0.84	-5.96	
Fostamatinib	Fostamatinib	IC50	656.63	2.5	65.04	0	2500	0.25	4.21	3.3	-0.84	6.43	4.34	65.04	
Atorvastatin	Atorvastatin	IC50	576.6	2.5	64.34	0	10000	1	9.6	6.1	-18.88	-23.5	53.22	64.34	
Pevonedistat	Pevonedistat	IC50	10000	2.5	0.35	0	10000	1	0	-4.03	-74.56	-304.23	-95.27	0.35	
AVN944	AVN944	IC50	124.72	1.42	82.36	0	10000	1	18.64	8.34	-3.24	35.81	75.64	82.36	
Simvastatin	Simvastatin	IC50	3982.93	2.5	49.16	0	10000	1	2	21.05	11.04	11.43	-11	49.16	
Daporinad	Daporinad	IC50	36.45	2	83.66	0	1000	0.1	14.35	10.91	-11.33	6.09	73.81	83.66	
Methotrexate	Methotrexate	IC50	5000	1	0	0	5000	0.5	0	-4.68	-6.18	-10.97	-23.1	-13.79	
AGI-5198	AGI-5198	IC50	1.13	0.15	10.78	0	10000	1	0	3.15	7.61	8.61	10.78	4.5	
TH588	TH588	IC50	17073.05	2.5	13.2	0	25000	2.5	0	-2.25	7.2	7.6	-6.8	9.8	
Lovastatin	Lovastatin	IC50	4896.28	2.5	28.96	0	10000	1	0.65	-0.69	-13.47	-10.36	-27.61	28.96	
URB597	URB597	IC50	1000	-0.34	17.91	0	1000	0.1	0	9.57	5.24	17.91	2.13	-11.29	
AGI-6780	AGI-6780	IC50	1236.97	1.06	17.1	0	10000	1	0.55	-3.46	-9.09	5.42	6.16	17.1	
Triapine	Triapine	IC50	4307.17	2.5	78.38	0	10000	1	3.14	-0.71	-18.3	-23.46	-31.3	78.38	
Disulfiram	Disulfiram	IC50	257.06	2.5	99.97	0	100000	10	31.58	0.97	7.38	99.97	59.11	97.71	
CPI-613	CPI-613	IC50	10000	2.5	7.04	0	10000	1	0	7.04	5.55	1.42	-9.01	-16.27	
Pemetrexed	Pemetrexed	IC50	10000	2.5	0.98	0	10000	1	0	-16.18	-13.48	-1.54	-0.74	0.98	
Pravastatin	Pravastatin	IC50	10000	0.24	7.22	0	10000	1	0	-1.06	-0.79	7.22	-0.11	-5.33	
Metformin	Metformin	IC50	100000	2.5	1.83	0	100000	10	0	-4.35	-5.37	1.83	-3.12	-7.62	
Tacrolimus	Tacrolimus	IC50	10000	1	0	0	10000	1	0	-16.55	-8.53	-7.73	-21.28	-11.03	
Temsirolimus	Temsirolimus	IC50	0.14	0.79	53.2	0	100	0.01	17.52	-4.2	31.05	36.58	53.2	49.24	
Ridaforolimus	Ridaforolimus	IC50	0.41	2.5	45.08	0	100	0.01	13.35	5.48	-0.44	41.16	45.08	39.87	
Everolimus	Everolimus	IC50	0.37	1.3	43.26	0	100	0.01	12.4	-22.91	9.95	32.62	43.26	38.26	
Sirolimus	Sirolimus	IC50	0.71	2.5	44.48	0.25	100	0.01	11.79	12.72	0.25	31.23	44.48	37.13	
1-methyl-D-tryptophan	1-methyl-D-tryptophan	IC50	5000	1	9.13	0	5000	0.5	0	1.36	-11.93	-9.27	9.13	-13.68	
Plerixafor	Plerixafor	IC50	10000	2.5	6.32	0	10000	1	0	6.32	-18.24	-9.75	-11.82	-14.47	
Mepacrine	Mepacrine	IC50	726.67	2.5	100	0.96	50000	5	22.19	0.96	3.31	28.68	104.06	104.46	
Deferoxamine	Deferoxamine	IC50	4267.79	2.5	31.96	0	10000	1	0.98	-11.07	-9.59	-0.39	-11.98	31.96	
Valproic acid	Valproic acid	IC50	1000000	0.96	4.86	0	1000000	100	0	-1.56	4.86	-7.89	2.37	-8.84	
Arsenic(III) oxide	Arsenic(III) oxide	IC50	2500	1.35	0.31	0	2500	0.25	0	-20.45	-3	-2.81	0.31	-24.78	
Chloroquine	Chloroquine	IC50	9084.05	2.5	100	0	100000	10	12.24	-5.59	2.81	-5.93	56.02	105.45	
Estramustine	Estramustine	IC50	10000	2.5	2.2	0	10000	1	0	-7.45	-5.09	2.2	-16.13	-25.53	
Melphalan	Melphalan	IC50	12500	2.5	15.13	0	12500	1.25	0	-2.68	15.13	-6.22	-4.61	0.7	
Carboplatin	Carboplatin	IC50	100000	1	9.32	0	100000	10	0	-4.91	-1.67	-6.12	-22.2	9.32	
Cisplatin	Cisplatin	IC50	1000	1	11.52	0	100000	10	0.3	11.52	-6.34	-9.98	-0.18	8.91	
Oxaliplatin	Oxaliplatin	IC50	30968.21	2.5	65.32	5.28	100000	10	3.66	5.28	5.52	7.59	5.86	65.32	
Nelarabine	Nelarabine	IC50	10000	2.5	1.2	0	10000	1	0	-16	-11.56	1.2	-2.89	-27.71	
ABT-751	ABT-751	IC50	587.55	2.5	90.75	0	10000	1	13.33	8.08	-9.13	-5.97	72.26	90.75	
Amonafide	Amonafide	IC50	1578.71	2.5	100	0	10000	1	9.26	0.22	-4.53	-13.04	24.03	103.74	
Irinotecan	Irinotecan	IC50	10000	1	0	0	10000	1	0	-13.09	-4.94	-13.68	-19.65	-4.41	
Indibulin	Indibulin	IC50	320.79	2.5	25.93	0	10000	1	4.09	-12.93	-16.61	-0.03	25.93	-0.58	
Camptothecin	Camptothecin	IC50	883.36	2.5	70.37	0	5000	0.5	6.11	-2.34	-1.42	-13.69	13.66	70.37	
Idarubicin	Idarubicin	IC50	101.27	1.69	100	0	1000	0.1	11.35	-14.53	-3.38	8.13	48.54	103.73	
Capecitabine	Capecitabine	IC50	10000	1	0	0	10000	1	0	-18.05	-9.84	-14.94	-20.3	-12.52	
Bendamustine	Bendamustine	IC50	10000	2.5	3.38	0	10000	1	0	3.38	-1.74	-1.56	-8.28	-0.68	
Omacetaxine	Omacetaxine	IC50	31.62	1.56	100	0	10000	1	30	-5.77	14.52	85.81	96.57	104.79	
Cyclophosphamide	Cyclophosphamide	IC50	40000	2.5	2.53	0	40000	4	0	2.53	-3.81	-13.42	-1.31	-11.11	
Busulfan	Busulfan	IC50	100000	-0.24	17.42	0	100000	10	0	17.42	-6.86	9.54	3.36	5.29	
Hydroxyurea	Hydroxyurea	IC50	100000	2.5	6.36	0	100000	10	0	-12.55	-9.21	-0.07	2.72	6.36	
Mechlorethamine	Mechlorethamine	IC50	43335.24	2.5	49.23	0	100000	10	1.79	-4.38	-3.8	-11.52	-20.54	49.23	
Auranofin	Auranofin	IC50	1218.05	2.5	100	0	2500	0.25	3.49	13.52	8.96	-13.46	-110.83	102.78	
Allopurinol	Allopurinol	IC50	10000	1	0	0	10000	1	0	-14.22	-1.93	-14	-16	-45.11	
Altretamine	Altretamine	IC50	10000	1	0	0	10000	1	0	-5.64	-1.57	-3.07	-19.25	-19.28	
Bleomycin	Bleomycin	IC50	1321.05	1.21	31.6	0	10000	1	2.38	-4.35	2.94	5.53	11.69	31.6	
Carmustine	Carmustine	IC50	10000	1	0	0	10000	1	0	-49.32	-24.89	-28.13	-8.03	-21.92	
Chlorambucil	Chlorambucil	IC50	10000	2.5	7.03	0	10000	1	0	7.03	-3.56	-25.23	-26.44	-19.58	
Dacarbazine	Dacarbazine	IC50	6.51	0.38	18.89	0	10000	1	3.19	3.78	15.82	7.98	18.89	18.22	
Etoposide	Etoposide	IC50	2585.17	2.5	61.35	0	10000	1	4.01	-6.44	-38.52	1.54	4.4	61.35	
Floxuridine	Floxuridine	IC50	10000	1	0	0	10000	1	0	-3.85	-3.18	-3.79	-8.59	-2.59	
Fludarabine	Fludarabine	IC50	3632.18	2.5	18.9	7.68	10000	1	0.41	8.48	14.84	13.99	7.68	18.3	
Fluorouracil	Fluorouracil	IC50	4081.33	2.5	66.13	0	10000	1	2.77	-20.01	-12.13	-15.02	-17.77	66.13	
Lomustine	Lomustine	IC50	10000	1	0	0	10000	1	0	-22.5	-10.96	-4.37	-5.26	-12.21	
Mercaptopurine	Mercaptopurine	IC50	10000	-2.5	10.25	0	10000	1	0	8.57	10.25	3.63	-0.31	-15.21	
Mitomycin C	Mitomycin C	IC50	3702.47	2.5	44.45	0	10000	1	1.92	-20.29	-13.9	-14.16	-5.24	44.45	
Mitotane	Mitotane	IC50	10000	0.69	8.35	0	10000	1	0	-5.54	0.46	-12.06	8.35	-17.12	
Pentostatin	Pentostatin	IC50	62.32	2.5	20.74	0	10000	1	4.47	20.74	-18.99	17	11.6	0.03	
Pipobroman	Pipobroman	IC50	10000	2.5	0.52	0	10000	1	0	0.52	-16.86	-8.38	-6.22	-39.69	
Procarbazine	Procarbazine	IC50	10000	2.5	10.27	0	10000	1	0	10.27	-9.33	4.47	-8.83	-2.08	
Streptozocin	Streptozocin	IC50	10000	-0.11	23.67	0	10000	1	0	12.59	7.58	23.67	-2.62	10.22	
Topotecan	Topotecan	IC50	1802.01	2.5	84.8	0	10000	1	7.28	-14.79	-19.01	-0.56	15.72	84.8	
Ifosfamide	Ifosfamide	IC50	10000	2.5	10	0	10000	1	0	10	-3.36	-6.21	-3.64	-22.39	
Temozolomide	Temozolomide	IC50	100000	-0.38	20.93	0	100000	10	0	20.93	10.95	15.69	15.29	0.01	
Thioguanine	Thioguanine	IC50	1248.22	2.5	94.58	0	10000	1	9.98	-8.68	-15.14	-6.07	34.54	94.58	
Teniposide	Teniposide	IC50	159.72	2.5	63.32	2.3	10000	1	14.03	2.3	6.12	16.69	63.32	55.59	
Vinorelbine	Vinorelbine	IC50	12.26	0.45	88.68	0	10000	1	28.28	15.56	50.22	62.07	71.68	88.68	
Uramustine	Uramustine	IC50	10000	1	0	0	10000	1	0	-12.3	-3.8	-3.11	-14.89	-30.35	
Cytarabine	Cytarabine	IC50	3338.27	2.5	75.42	0	10000	1	3.97	8.53	-4.62	-14.67	-2.23	75.42	
Valrubicin	Valrubicin	IC50	315.51	1.1	87.35	8.37	5000	0.5	11.76	14.07	8.37	19.03	56.38	87.35	
Clofarabine	Clofarabine	IC50	1336.49	2.5	80.99	0	10000	1	8.28	-6.12	4.74	-12.89	26.5	80.99	
8-chloro-adenosine	8-chloro-adenosine	IC50	3174.89	1.41	32.85	0.42	50000	5	3.91	4.45	0.42	2.84	21.55	32.85	
8-amino-adenosine	8-amino-adenosine	IC50	872.54	1.58	100	0.04	50000	5	20.74	0.89	0.22	29.53	93.41	107.16	
Thio-TEPA	Thio-TEPA	IC50	50000	2.5	0.79	0	50000	5	0	0.79	-6.89	-3.85	-14.85	-30.79	
Doxorubicin	Doxorubicin	IC50	137.26	2.5	93.88	0	1000	0.1	9.42	3.79	-11.15	-8.52	29.31	93.88	
Docetaxel	Docetaxel	IC50	3.57	2.5	65.57	4.62	1000	0.1	20.05	5.69	5.89	61.91	65.57	54.47	
Carfilzomib	Carfilzomib	IC50	4.24	2.5	100	0	1000	0.1	28.87	-9.06	-6.5	91.97	103.65	101.59	
Patupilone	Patupilone	IC50	3.15	2.5	55.9	0	1000	0.1	17.53	-1.68	0.13	55.9	47.11	41.07	
Plicamycin	Plicamycin	IC50	711.83	2.5	96.01	0	10000	1	13.05	-5.58	12.07	-1.45	67.33	96.01	
Vincristine	Vincristine	IC50	3.72	2.5	52.64	0	1000	0.1	16	-15.61	-6.38	52.64	46.57	41.82	
Cladribine	Cladribine	IC50	378.19	2.5	70.55	0	1000	0.1	3.25	9.28	4.35	-3.91	-10.19	70.55	
Dactinomycin	Dactinomycin	IC50	1.53	0.83	100	4.95	1000	0.1	32.86	13.61	45.4	80.35	102.57	105.22	
Daunorubicin	Daunorubicin	IC50	128.15	2.5	100	0	1000	0.1	10.38	-0.65	-20.04	-10.4	34.94	103.87	
Ixabepilone	Ixabepilone	IC50	165.15	2.5	55.69	0	1000	0.1	4.98	4.29	10.41	-12.17	12.39	55.69	
Mitoxantrone	Mitoxantrone	IC50	307.6	2.5	46.46	0	1000	0.1	2.48	19.51	-1.72	11.27	0.55	46.46	
Vinblastine	Vinblastine	IC50	7.01	2.5	47.27	0	1000	0.1	12.62	6.49	-15.91	34.11	44.88	47.27	
Paclitaxel	Paclitaxel	IC50	8.14	1.14	58.08	0	1000	0.1	14.24	-0.69	6.45	31.42	58.08	51.71	
Gemcitabine	Gemcitabine	IC50	45.53	2.5	83.8	0	1000	0.1	13.53	1.21	17.58	-0.79	74.04	83.8	
Oprozomib	Oprozomib	IC50	50.18	1.44	100	0.55	2500	0.25	19.87	1.49	0.83	27.45	90.48	104.2	
Bortezomib	Bortezomib	IC50	3.86	2.5	100	0	1000	0.1	29.38	9.28	-7.93	96.1	104.37	103.68	
Aldoxorubicin	Aldoxorubicin	IC50	124.34	1.49	98.55	0	1000	0.1	10.03	-5.73	14.53	9.08	39.97	98.55	
SB 743921	SB 743921	IC50	4.1	2.5	39.09	0	100	0.01	6.37	10.42	3.02	-1.8	36.21	39.09	
Filanesib	Filanesib	IC50	3.56	2.5	39.73	8.57	1000	0.1	11.97	9.37	8.96	38.05	39.73	30.82	
GSK923295	GSK923295	IC50	1820.69	2.5	84.84	0	10000	1	7.23	12.5	5.79	-3.16	15.41	84.84	
Belinostat	Belinostat	IC50	407.31	1.52	100	0	10000	1	16.11	-4.76	-6.71	11.72	78.81	106.01	
Iniparib	Iniparib	IC50	10000	2.5	18.71	0	10000	1	0	18.71	-11.05	-18.26	-90.19	-172.12	
Decitabine	Decitabine	IC50	10000	1	0	0	10000	1	0	-10.01	-2.31	-7.92	-24.43	-41.48	
Tipifarnib	Tipifarnib	IC50	907.75	1.07	82.01	0	10000	1	9.46	-5.01	11.62	9.89	40.36	82.01	
Veliparib	Veliparib	IC50	10000	2.5	4.8	0	10000	1	0	-7.95	-7.66	-7.68	-8.32	4.8	
Olaparib	Olaparib	IC50	10000	2.5	8.5	0	10000	1	0	2.55	-7.93	8.5	-11.4	8.29	
Vorinostat	Vorinostat	IC50	3971.46	2.5	97.59	0	10000	1	4.35	-12.76	-10.71	-2.32	-21.26	97.59	
Entinostat	Entinostat	IC50	10000	2.5	0.82	0	10000	1	0	0.82	-4.57	-19.54	-148.95	-0.93	
XAV-939	XAV-939	IC50	336.62	0.79	41.04	0	10000	1	5.97	7.88	-14.47	20.37	23.55	41.04	
Bexarotene	Bexarotene	IC50	10000	1	0	0	10000	1	0	-5.36	-13.75	-88.4	-84.4	-113.26	
Panobinostat	Panobinostat	IC50	51.94	2.5	100	0	1000	0.1	15.27	-9.32	3.72	-28.34	87.17	102.14	
Niraparib	Niraparib	IC50	3161.21	2.5	73.2	6.17	10000	1	4.06	11.37	7.91	9.32	6.17	73.2	
Mocetinostat	Mocetinostat	IC50	100	1	61.47	0	10000	1	14.19	-8.84	-4.22	-56.64	-95.5	61.47	
JQ1	JQ1	IC50	234.4	1.26	50.97	0	10000	1	9.48	0.95	-8.96	14.85	42.39	50.97	
Tubacin	Tubacin	IC50	436.86	0.63	54.27	0	10000	1	7.55	-6.78	11.37	16.34	28.59	54.27	
Tubastatin A	Tubastatin A	IC50	10000	1	0	0	10000	1	0	-7.9	-0.82	-14.66	-3.22	-1.44	
StemRegenin 1	StemRegenin 1	IC50	1482.11	2.5	43.45	0	10000	1	4.02	-13.63	-11.45	-3.57	11.83	43.45	
PFI-1	PFI-1	IC50	315.82	1.05	56.25	0	10000	1	9.39	-12.48	6.23	12.24	43.32	56.25	
I-BET151	I-BET151	IC50	840.18	1.68	67.39	0	10000	1	8.31	-8.87	-17.53	3.23	38.41	67.39	
Azacitidine	Azacitidine	IC50	6359.57	2.5	26.7	0	10000	1	0.29	4.97	1.86	-10.03	-28.68	21.7	
FG-4592	FG-4592	IC50	10000	2.5	9.65	0	10000	1	0	-23.11	-0.08	9.65	8.07	5.47	
Lomeguatrib	Lomeguatrib	IC50	10000	2.5	5.97	0	10000	1	0	5.97	-15.84	-15.73	-13.97	1.08	
Tretinoin	Tretinoin	IC50	10000	1	0	0	10000	1	0	-1.11	-10.58	-19.12	-59.01	-111.5	
SGC0946	SGC0946	IC50	1971.31	2.5	99.88	0	10000	1	8.06	-3.31	11.39	-5.91	15.28	99.88	
UNC0642	UNC0642	IC50	2391.11	2.5	100	0	10000	1	7.05	-8.54	10.43	4.28	9.22	100.46	
GSK343	GSK343	IC50	3618.9	2.5	98.1	0	10000	1	4.82	5.67	-12.47	-8.09	-9.26	98.1	
UNC0638	UNC0638	IC50	367.28	2.5	19.25	0	10000	1	2.37	1.85	-7.69	-2.02	19.25	9.03	
Rucaparib	Rucaparib	IC50	1759.17	2.15	48.2	0	10000	1	3.98	-0.54	-8.3	12.41	10.74	48.2	
Lonafarnib 	Lonafarnib 	IC50	853.11	2.5	39.52	0	10000	1	4.82	-4.17	3.46	-13.37	23.9	39.52	
AR-42 	AR-42 	IC50	3599.99	2.5	100	0	10000	1	4.94	9.62	7.84	-14.92	-12.64	102.09	
Rocilinostat	Rocilinostat	IC50	3319.61	2.5	78.6	0	10000	1	4.18	-3.93	-4.48	7.14	-2.12	78.6	
EPZ-5687	EPZ-5687	IC50	1025.86	2.5	20.65	0	10000	1	1.7	-0.41	-9.58	-11.94	10.13	20.65	
Pracinostat 	Pracinostat 	IC50	847.9	2.5	100	0	10000	1	12.62	-1.37	4.81	-9.11	60.35	101.05	
Tacedinaline	Tacedinaline	IC50	1000	0.11	11.41	0	1000	0.1	0	0.31	1.21	11.41	7.34	-54.54	
Quisinostat	Quisinostat	IC50	78.59	2.31	94.28	0	1000	0.1	12.26	-0.82	20.44	0.68	59.93	94.28	
UNC1215	UNC1215	IC50	30000	-0.27	18	11.48	30000	3	0	16.12	15.83	18	11.48	14.32	
C646	C646	IC50	25000	2.5	2.45	0	25000	2.5	0	2.45	-5.43	0.65	-5.76	-46.96	
GSK-J4	GSK-J4	IC50	6588.37	1.68	100	10.61	100000	10	13.64	10.61	17.97	15.44	69.86	105.03	
IOX-2	IOX-2	IC50	93.97	0.46	12.65	0	50000	5	0.44	-2.85	12.65	4.56	10.93	11.96	
Pinometostat	Pinometostat	IC50	1000	-1.06	12.23	0	1000	0.1	0	5.77	12.23	6.02	9.21	-33.46	
IOX-1	IOX-1	IC50	100000	2.5	5.47	0	100000	10	0	5.47	1.69	-18.06	-8.65	-14.15	
Tazemetostat	Tazemetostat	IC50	6273.17	2.5	22.09	0	10000	1	0.18	9.23	5.86	5.04	-4.34	17.09	
SGC-CBP30	SGC-CBP30	IC50	2784.89	1.91	67.16	0	25000	2.5	7.34	-5.08	-15.51	2.53	30	67.16	
GSK2801	GSK2801	IC50	10000	1	0	0	10000	1	0	-3	-23.79	-18.6	-0.16	-13.45	
Talazoparib	Talazoparib	IC50	1000	1	0	0	1000	0.1	0	-5.2	-2.08	-6.02	-12.26	-2.96	
OTX015	OTX015	IC50	49.93	2.5	45.19	5.25	10000	1	12.9	7.2	5.25	39.32	40.96	45.19	
CUDC-907	CUDC-907	IC50	52.75	2.5	100	0	10000	1	27.69	-69.91	-61.91	90.09	101.79	101.48	
RGFP966	RGFP966	IC50	10000	2.5	9.29	0	10000	1	0	-15.95	9.29	4.76	-21.2	-68.41	
Resminostat	Resminostat	IC50	4529.12	2.5	84.27	0	10000	1	3.19	6.12	-2.13	-6.29	-47.86	84.27	
YM155	YM155	IC50	489.87	2.5	100	0	10000	1	15.59	0.22	-6.31	0.27	85.83	105.25	
Obatoclax	Obatoclax	IC50	4220.1	2.5	61.36	0	10000	1	2.43	-15.85	-10.65	3.09	-21.21	61.36	
Nutlin-3	Nutlin-3	IC50	4043.86	2.5	41.29	0	10000	1	1.55	0.53	-3.16	-8.24	-10.34	41.29	
Serdemetan	Serdemetan	IC50	1467.86	2.5	77.23	0	10000	1	7.5	-10.25	-3.56	-6.69	21.41	77.23	
APR-246	APR-246	IC50	10000	2.5	7.64	0	10000	1	0	7.64	6.25	5.42	-48	-80.39	
AT-406	AT-406	IC50	10000	1	0	0	10000	1	0	-0.24	-10.9	-1.85	-8.82	-9.7	
Venetoclax	Venetoclax	IC50	1000	2.5	1.98	0	1000	0.1	0	-7.72	-15.67	-9.64	0.89	1.98	
PAC-1	PAC-1	IC50	3502.43	2.5	83.63	0	10000	1	4.23	-13.88	7.12	5.98	-5.46	83.63	
AT 101	AT 101	IC50	5738.73	2.5	98.65	0	100000	10	14.55	-9.97	-7.54	-13.59	80.1	98.65	
Birinapant	Birinapant	IC50	695.7	2.5	18.08	0	1000	0.1	0.04	10.69	-2.46	-6.86	-5.14	13.08	
Selinexor	Selinexor	IC50	56.55	1.16	90.02	0	10000	1	23.91	1.42	8.62	61.15	81.04	90.02	
LCL161	LCL161	IC50	6307.6	2.5	46.88	0	25000	2.5	3.01	-4.43	-6.74	-5.46	3.71	46.88	
WEHI-539	WEHI-539	IC50	2500	2.5	8.03	0	2500	0.25	0	-0.25	5.07	8.03	4.26	7.93	
Idasanutlin	Idasanutlin	IC50	1357	2.5	68.47	0	10000	1	6.94	-15.33	-10.37	-15.23	21.86	68.47	
Rofecoxib	Rofecoxib	IC50	10000	0.69	8.43	0	10000	1	0	-18.15	8.43	-4.21	3.29	-12.44	
Celecoxib	Celecoxib	IC50	3.04	0.06	12.59	0	10000	1	0	7.11	12.59	-4.38	7.65	12.15	
Abiraterone	Abiraterone	IC50	5000	2.5	3.15	0	5000	0.5	0	-6.75	-12.43	-4.41	3.15	-10.37	
Aminoglutethimide	Aminoglutethimide	IC50	10000	2.5	7.75	0	10000	1	0	7.75	-2.79	-24.07	-8.91	-2.65	
Bicalutamide	Bicalutamide	IC50	10000	-2.5	5.41	0	10000	1	0	4.28	5.15	5.39	5.41	0.14	
Nilutamide	Nilutamide	IC50	10000	2.5	6.89	0	10000	1	0	6.89	-4.97	3.58	-3.21	-3.48	
Toremifene	Toremifene	IC50	3721.66	2.5	42.81	0	10000	1	1.81	-14.68	6.55	-5.9	-5.33	42.81	
Clomifene	Clomifene	IC50	1919.64	2.5	64.24	0	10000	1	5.26	-3.75	12.84	17.95	10.32	64.24	
Finasteride	Finasteride	IC50	10000	1	0	0	10000	1	0	-8.78	-4.23	-18	-14.07	-4.39	
Flutamide	Flutamide	IC50	1010.37	2.5	25.99	0	10000	1	2.54	-3.67	3.08	-5.18	12.89	25.99	
4-hydroxytamoxifen	4-hydroxytamoxifen	IC50	1741.99	2.5	100	0	10000	1	8.73	-11.8	-3.08	0.98	19.76	101.56	
Fulvestrant	Fulvestrant	IC50	1000	1	0	0	1000	0.1	0	-7.65	-6.62	-11.04	-12.34	-18.96	
Anastrozole	Anastrozole	IC50	10000	2.5	14.94	0	10000	1	0	14.94	-5.44	-3.9	-3.72	4.39	
Exemestane	Exemestane	IC50	10000	2.5	15.23	0	10000	1	0	1.47	9.36	15.23	-47.46	-180.42	
Letrozole	Letrozole	IC50	10000	1	0	0	10000	1	0	-14.33	-3.68	-8.98	-10.25	-40.16	
Megestrol acetate	Megestrol acetate	IC50	10000	2.5	15	0	10000	1	0	-2.16	15	-7.13	-11.06	4.75	
Raloxifene	Raloxifene	IC50	3123.17	2.5	79.73	6.88	10000	1	4.49	7.28	7.53	9.03	7.31	79.73	
Tamoxifen	Tamoxifen	IC50	1979.94	2.5	35.48	0	10000	1	2.57	-20.99	8.49	-3.39	5.38	35.48	
Orteronel	Orteronel	IC50	10000	2.5	2	0	10000	1	0	-9.72	2	-1.89	-5	-2.16	
ARN 509	ARN 509	IC50	4690.29	2.5	24.77	0	10000	1	0.51	6.06	17.48	-0.54	-2.54	22.07	
RD162	RD162	IC50	10000	1	0	0	10000	1	0	-7.28	-3.27	-11.93	-4.89	-5.57	
Enzalutamide	Enzalutamide	IC50	100	1	29.78	0	10000	1	5.93	-6.35	-5.1	-19.1	-27.98	29.78	
Lasofoxifene	Lasofoxifene	IC50	16.96	0.47	14.34	0	1000	0.1	0.33	-9.53	9.58	8.28	5.4	14.34	
Goserelin	Goserelin	IC50	10000	1	0	0	10000	1	0	-8.7	-10.35	-3.25	-10.88	-7.96	
Bimatoprost	Bimatoprost	IC50	5500	2.5	19.37	0	5500	0.55	0	19.37	4.52	-12.48	-7.36	2.58	
Lenalidomide	Lenalidomide	IC50	100000	-2.5	20.79	0	100000	10	0	16.12	14.43	20.07	20.79	7.03	
Methylprednisolone	Methylprednisolone	IC50	10000	2.5	9.65	0	10000	1	0	-9.39	0.52	9.65	6.16	4.12	
Prednisolone	Prednisolone	IC50	24.05	0.21	20.9	0	10000	1	1.99	8.25	6.16	11.99	20.9	11.46	
Prednisone	Prednisone	IC50	10000	-0.12	24.77	0	10000	1	0	22.73	1.8	24.77	14.52	8.2	
Dexamethasone	Dexamethasone	IC50	7.74	2.5	21.96	0	10000	1	7.16	-3.23	14.47	21.96	21.77	18.15	
Levamisole	Levamisole	IC50	10000	2.5	4.7	0	10000	1	0	2.27	4.7	-8.54	-27.6	-12.3	
Imiquimod	Imiquimod	IC50	10.8	0.57	23.17	11.34	2500	0.25	4.02	18.45	11.34	19.95	23.17	19.73	
Thalidomide	Thalidomide	IC50	10000	2.5	2.83	0	10000	1	0	-18.27	-5.09	2.83	-10.55	-25.73	
Pomalidomide	Pomalidomide	IC50	10000	2.5	17.47	0	10000	1	0	17.47	-4.76	-2.33	-0.06	-4.66	
Tasquinimod	Tasquinimod	IC50	356.06	1.5	70.88	14.7	10000	1	12.01	14.7	23.13	21.3	61.29	70.88	
VGX-1027	VGX-1027	IC50	10000	-0.27	11.75	0	10000	1	0	11.75	0.19	10.12	-0.8	4.34	
NLG919	NLG919	IC50	3839.18	2.5	34.99	0	10000	1	1.31	1.37	-1.6	-6.14	-5.75	34.99	
BIIB021	BIIB021	IC50	93.42	1.31	100	14.31	10000	1	23.88	14.31	19.75	58.66	97.5	100.81	
Tanespimycin	Tanespimycin	IC50	79.31	2.5	100	0	10000	1	25.47	-3.09	-8.02	64.32	97.41	102.55	
VER 155008	VER 155008	IC50	1122.34	2.5	70.94	0	10000	1	7.94	-4.18	-3.21	-2.76	30.41	70.94	
Radicicol	Radicicol	IC50	83.58	2.5	99.21	1.97	10000	1	25.01	9.96	1.97	61.33	98.29	99.21	
CUDC-305	CUDC-305	IC50	158.47	2.21	99.19	1.59	10000	1	21.45	1.59	6.54	27.42	98.18	99.19	
Luminespib	Luminespib	IC50	6.25	2.5	100	9.05	1000	0.1	26.77	19.9	9.05	78.61	99.77	101.49	
Alvespimycin	Alvespimycin	IC50	23.86	1.25	100	19.31	1000	0.1	18.76	21.42	19.31	40.13	87.56	104.21	
Ganetespib 	Ganetespib 	IC50	10.65	1.84	100	0	1000	0.1	23.59	-8.61	1.1	47.14	97.97	102.24	
BGB324	BGB324	IC50	837.22	1.67	100	0	10000	1	12.34	-1.75	1.79	4.98	56.85	102.35	
Sonidegib	Sonidegib	IC50	86.41	0.23	29.5	7.55	10000	1	3.9	11.2	17.87	29.5	7.55	24.28	
Tarenflurbil	Tarenflurbil	IC50	10000	2.5	10.25	0	10000	1	0	5.37	-7.34	10.25	-2.41	-12.79	
2-methoxyestradiol	2-methoxyestradiol	IC50	1499.75	2.5	49.5	0	10000	1	4.64	-8.8	-12.37	-9.22	13.22	49.5	
Fingolimod	Fingolimod	IC50	1670.22	2.5	100	10.96	10000	1	8.96	10.96	18.27	16.47	29.96	103.61	
Vismodegib	Vismodegib	IC50	303.05	1.14	27.14	0	10000	1	3.76	1.61	-10.7	8.63	20.12	27.14	
Tosedostat	Tosedostat	IC50	365.84	0.68	60.2	0	10000	1	9.17	-11.56	-0.9	26.94	31.97	60.2	
Pilocarpine	Pilocarpine	IC50	40000	-0.11	9.93	0	40000	4	0	1.84	9.56	9.93	6.18	1.33	
Anagrelide	Anagrelide	IC50	10000	2.5	8.75	0	10000	1	0	2.94	8.75	-0.41	-15.01	-10.97	
PF-3845	PF-3845	IC50	487.49	0.57	28.34	5.57	10000	1	2.6	6.13	6.62	15.4	15.06	28.34	
15D-PGJ2	15D-PGJ2	IC50	3000	2.5	12.06	0	3000	0.3	0	9.34	12.06	9.26	-2.52	-38.41	
Varespladib	Varespladib	IC50	10000	0.29	7.58	0	10000	1	0	3.99	-3.7	0.02	7.58	-20.36	
Cilengitide	Cilengitide	IC50	1658.25	2.5	63.67	0	10000	1	5.73	-3.63	7.1	4.13	13.95	63.67	
MK-0752	MK-0752	IC50	1000	0.24	10.12	0	1000	0.1	0	-12.16	10.12	8.93	-1.43	2.43	
Galiellalactone	Galiellalactone	IC50	250	1	69.77	0	25000	2.5	16.18	-6.33	2.35	-71.23	-181.76	69.77	
Stattic	Stattic	IC50	1942.35	2.5	100	0	50000	5	16.85	9.5	12.16	-24.48	102.47	104.9	
TRAM-34	TRAM-34	IC50	1000	-2.5	18.87	4.23	1000	0.1	0	18.87	9.73	4.23	6.21	5.35	
NSC348884	NSC348884	IC50	8993.42	2.5	100	0	50000	5	8.56	-7.27	6.06	4.45	18.01	106.58	
deltarasin	deltarasin	IC50	2384.18	2.5	100	0	10000	1	7.07	5.97	-13.35	6.41	8.58	102.97	
Itraconazole	Itraconazole	IC50	1556.63	2.5	43.69	7.53	5000	0.5	2.27	12.05	7.53	14.85	7.77	43.69	
NVP-LGK974	NVP-LGK974	IC50	1759.8	2.5	35.71	0	10000	1	2.83	-6.39	-7.41	-0.78	6.96	35.71	
ONX-0914	ONX-0914	IC50	238.09	2.5	100	5.53	10000	1	19.51	5.53	13.69	13.85	102.16	105.31	
NMS-873	NMS-873	IC50	1343.97	2.5	100	12.7	10000	1	10.13	12.7	20.58	23.7	40.66	105.47	
Amsacrine	Amsacrine	IC50	3670.05	2.5	71.89	0	10000	1	3.42	-27.77	-47.19	-2.14	-7.84	71.89	
SN-38	SN-38	IC50	558.12	2.5	100	0	10000	1	14.88	-41.88	-31.98	-65	86.86	101.13	
Raltitrexed	Raltitrexed	IC50	1000	1	0	0	1000	0.1	0	-11.07	-49.78	-9.8	-32.44	-5.42	
Cabazitaxel	Cabazitaxel	IC50	38.19	2.5	37.01	0	1000	0.1	6.12	-46.41	-3.07	-5.8	37.01	35.09	
Pixantrone	Pixantrone	IC50	5977.85	2.5	10.44	0	10000	1	0	-10.16	-47.24	-13.94	-34.1	10.44	
LY3009120	LY3009120	IC50	750.39	2.5	95.86	0	10000	1	12.76	-30.22	5.86	-22	65.09	95.86	
GDC-0994	GDC-0994	IC50	10000	1	0	0	10000	1	0	-21.8	-17.89	-2.83	-10.43	-127.32	
AZD7545	AZD7545	IC50	4522.24	2.5	25.07	0	10000	1	0.56	-15.23	-22.9	-14.55	-14.05	25.07	
SLx-2119	SLx-2119	IC50	1651.35	2.5	65.75	0	5000	0.5	3.46	-14.69	-7.72	-1.04	-1.55	65.75	
OTSSP167	OTSSP167	IC50	101.37	1.35	98.55	0	1000	0.1	11.01	-11.48	-14.64	10.17	47.24	98.55	
Uprosertib	Uprosertib	IC50	3030.69	2.5	22.29	0	10000	1	0.8	-2.06	2.64	-7.46	0.45	22.29	
AT13148	AT13148	IC50	1246.66	2.5	100	0	10000	1	10.53	3.78	-3.61	-1.93	36.38	107.72	
Filgotinib	Filgotinib	IC50	3897.16	2.5	26.02	0	10000	1	0.78	-15.51	-22.99	-8.39	-4.84	26.02	
CEP-37440	CEP-37440	IC50	977.16	2.5	100	0	5000	0.5	8.12	-0.69	-0.66	-6.15	15.33	102.21	
Prexasertib	Prexasertib	IC50	52.36	2.5	80.23	0	10000	1	22.6	-3.89	-24.46	69.82	80.23	58	
Pexidartinib	Pexidartinib	IC50	2235.63	2.5	44.26	0	10000	1	3.1	-12.16	-4.82	-6.21	5.03	44.26	
Losmapimod	Losmapimod	IC50	147.31	0.85	22.91	0	10000	1	3.26	-6.71	3.01	10.2	18.1	22.91	
Cerdulatinib	Cerdulatinib	IC50	4296.68	2.5	48.18	0	10000	1	1.76	-3.31	1.27	7.94	-18.98	48.18	
Ulixertinib	Ulixertinib	IC50	10000	2.5	9.04	0	10000	1	0	-20.4	-9.32	-11.7	9.04	-3.88	
TAK-632	TAK-632	IC50	100	1	23.6	0	10000	1	4.11	-9.97	6.21	-8.67	-12.02	23.6	
Rociletinib	Rociletinib	IC50	1487.64	2.5	88.66	0	10000	1	8.53	-3.03	4.45	0.27	23.93	88.66	
VS-4718	VS-4718	IC50	1184.06	1.65	58.98	0	10000	1	6.08	-3.95	6.02	3.6	25.03	58.98	
Entospletinib	Entospletinib	IC50	5000	1	0	0	5000	0.5	0	-14.46	-7.44	-10.56	-2.33	-2.38	
FRAX486	FRAX486	IC50	320.56	1.12	75.09	0	5000	0.5	10	5.44	-2.56	10.29	45.39	75.09	
AMG-925	AMG-925	IC50	1000	2.5	6.11	0	1000	0.1	0	6.11	-2.36	0.37	-0.72	-9.71	
Copanlisib	Copanlisib	IC50	163.67	2.5	60.44	0	1000	0.1	5.47	-26.48	-3.65	-16.19	13.7	60.44	
Osimertinib	Osimertinib	IC50	744.17	2.5	100	0	2500	0.25	5.91	-8.01	15.92	-21.93	0.26	103.2	
Merestinib	Merestinib	IC50	1000	-0.25	13.51	2.37	1000	0.1	0	13.51	6.49	2.37	9.62	4.87	
Afuresertib	Afuresertib	IC50	1000	2.5	9.82	0	1000	0.1	0	9.82	-20.18	-6.93	7.6	-6.43	
GNE-0877	GNE-0877	IC50	1000	0.58	7.26	0	1000	0.1	0	7.26	-2.72	-3.44	4.46	-1.78	
GNE-7915	GNE-7915	IC50	1000	2.5	6.5	0	1000	0.1	0	1.75	-0.19	6.5	-2.42	-14.01	
GSK2656157	GSK2656157	IC50	294.67	2.5	40.3	0	2500	0.25	4.2	-6.34	-0.03	-15.89	16.2	40.3	
UNC2881	UNC2881	IC50	788.46	2.5	34.26	1.02	2500	0.25	1.61	4.8	8.15	13.26	1.02	34.26	
TEW-7197	TEW-7197	IC50	2500	0.22	7.77	0	2500	0.25	0	3.9	-5.57	7.77	1.14	-42.62	
Poziotinib	Poziotinib	IC50	81.61	2.5	30.59	2.41	1000	0.1	3.56	12.1	11.72	2.41	20.01	30.59	
Spebrutinib	Spebrutinib	IC50	74.99	2.14	32.82	8.33	1000	0.1	3.96	14.74	8.33	8.68	24.23	32.82	
PF-06463922	PF-06463922	IC50	1000	2.5	6.18	0	1000	0.1	0	-5.87	-7.79	-0.31	6.18	-9.67	
Taselisib	Taselisib	IC50	421.36	2.5	23.69	0	1000	0.1	0.56	-4.73	-5.1	-9.94	-8.06	23.69	
BMS863233	BMS863233	IC50	400.75	1.06	17.1	0	10000	1	1.22	-3.17	-3.09	4.28	11.85	17.1	
Epacadostat	Epacadostat	IC50	10000	2.5	4.86	0	10000	1	0	-2.18	4.86	1.24	-0.05	-22.78	
PCI-34051	PCI-34051	IC50	100	1	16.58	0	10000	1	1.91	-7.4	2.24	-29.86	2.11	16.58	
PTC-209	PTC-209	IC50	387.09	1.85	94.92	3.53	10000	1	15.8	9.52	3.53	10.44	81.46	94.92	
GSK2879552	GSK2879552	IC50	10000	2.5	1.76	0	10000	1	0	1.76	-12.48	-3.82	-21.06	-46.74	
EPZ015666	EPZ015666	IC50	548.46	0.9	14.63	0	10000	1	0.46	-2.67	-4.27	4.9	8.08	14.63	
GSK525762	GSK525762	IC50	245.08	1.01	59.75	3.83	10000	1	10.81	5.52	4.02	20.72	48.07	59.75	
UM729	UM729	IC50	2777.6	2.5	40.93	0	10000	1	2.33	-19.36	-1.58	-19.05	2.13	40.93	
BAY 87-2243	BAY 87-2243	IC50	123.43	2.5	10.38	0	1000	0.1	0.02	9.73	-16.19	-3.32	3.88	10.38	
Abexinostat	Abexinostat	IC50	600.25	2.5	100	0	10000	1	14.49	-3.18	-16.23	-31.27	80.28	100.68	
Givinostat	Givinostat	IC50	427.24	2.5	64.86	0	1000	0.1	2.56	-2.48	-6.7	-9.26	-24.47	64.86	
Romidepsin	Romidepsin	IC50	1.53	2.5	99.55	0	1000	0.1	34.27	-12.3	25.7	97.68	99.1	99.55	
Pyridoclax	Pyridoclax	IC50	2867.68	2.5	89.55	0	25000	2.5	9.88	-0.01	5.38	-0.01	37.16	89.55	
SAR405838	SAR405838	IC50	3930.64	2.5	47.59	0	10000	1	1.95	-2.88	0.71	-8.96	-9.52	47.59	
Sabutoclax	Sabutoclax	IC50	221.68	2.5	80.53	0	25000	2.5	20.33	-7.17	-3.75	46.37	77.59	80.53	
UMI-77	UMI-77	IC50	5902.42	2.5	100	4.36	100000	10	14.58	5.59	22.39	4.36	79.82	112.03	
A-1210477	A-1210477	IC50	10737.57	2.5	100	0	50000	5	7.62	-2.07	-10.35	-3.46	11.19	107.3	
AMG-232	AMG-232	IC50	423.94	2.5	20.81	0	1000	0.1	0.41	4.66	-3	0.08	-7.43	20.81	
Verdinexor	Verdinexor	IC50	71.64	2.11	87.33	6.57	1000	0.1	11.76	6.57	12.03	7.8	60.61	87.33	
Onalespib	Onalespib	IC50	65.13	1.32	100	0	2500	0.25	18.35	-3.65	4.32	21.87	85.19	103.38	
MST-312	MST-312	IC50	522.62	2.5	88.87	0.7	10000	1	13.64	8.11	6.8	0.7	74.48	88.87	
ML323	ML323	IC50	87.12	0.28	25.74	1.68	10000	1	2.97	4.75	12.19	25.74	1.68	21.49	
BCI	BCI	IC50	1550.23	2.5	100	0	50000	5	18.07	-9.61	7.68	-5.21	106.64	110.42	
Marimastat	Marimastat	IC50	1733.78	2.5	56.68	0	10000	1	4.92	-1.84	7.96	-1.1	11.38	56.68	
SH-4-54	SH-4-54	IC50	757.22	2.5	100	0.48	25000	2.5	18.2	20.4	0.48	1.15	101.5	104.09	
GSK2830371	GSK2830371	IC50	1809.12	2.5	33.25	0	5000	0.5	1.31	5.13	0.22	-14.51	-3.09	33.25	
Darapladib	Darapladib	IC50	170.43	2.31	70.8	0.75	1000	0.1	6.24	0.75	24.04	13.76	16.34	70.8	
Glasdegib	Glasdegib	IC50	1000	-0.35	19.59	0	1000	0.1	0	16.69	12.5	19.59	5.61	6.09	
